{"cameraMode":{"drawMode":0,"name":"Shaded","section":"Shading Mode"},"sceneLighting":true,"audioPlay":false,"sceneViewState":{"showFog":true,"showMaterialUpdate":false,"showSkybox":true,"showFlares":true,"showImageEffects":true,"showParticleSystems":true},"in2DMode":false,"pivot":{"x":53.86979293823242,"y":29.9204044342041,"z":142.967529296875},"rotation":{"x":0.027709200978279115,"y":0.9693679213523865,"z":-0.13355687260627747,"w":0.20487236976623536},"size":80.01753234863281,"orthographic":false}