{"cameraMode":{"drawMode":0,"name":"Shaded","section":"Shading Mode"},"sceneLighting":true,"audioPlay":false,"sceneViewState":{"showFog":true,"showMaterialUpdate":false,"showSkybox":true,"showFlares":true,"showImageEffects":true,"showParticleSystems":true},"in2DMode":false,"pivot":{"x":-16.40520668029785,"y":6.156497478485107,"z":17.22036361694336},"rotation":{"x":0.014947504736483097,"y":0.3801141381263733,"z":0.006217497866600752,"w":-0.9248151183128357},"size":46.6734733581543,"orthographic":false}