{"cameraMode":{"drawMode":0,"name":"Shaded","section":"Shading Mode"},"sceneLighting":true,"audioPlay":false,"sceneViewState":{"showFog":true,"showMaterialUpdate":false,"showSkybox":true,"showFlares":true,"showImageEffects":true,"showParticleSystems":true},"in2DMode":false,"pivot":{"x":-0.35163360834121706,"y":-3.596588134765625,"z":-2.2840113639831545},"rotation":{"x":-0.2990719974040985,"y":0.12180093675851822,"z":-0.03852106258273125,"w":-0.9456421136856079},"size":10.0,"orthographic":false}